prompt,response
"['4 skinless, boneless chicken breast halves ', '2 tablespoons butter ', '2 (10.75 ounce) cans condensed cream of chicken soup ', '1 onion, finely diced ', '2 (10 ounce) packages refrigerated biscuit dough, torn into pieces ', '']","Place the chicken, butter, soup, and onion in a slow cooker, and fill with enough water to cover.
Cover, and cook for 5 to 6 hours on High. About 30 minutes before serving, place the torn biscuit dough in the slow cooker. Cook until the dough is no longer raw in the center.
"
"['2 (10.75 ounce) cans condensed cream of mushroom soup ', '1 (1 ounce) package dry onion soup mix ', '1 1/4 cups water ', '5 1/2 pounds pot roast ', '']","In a slow cooker, mix cream of mushroom soup, dry onion soup mix and water. Place pot roast in slow cooker and coat with soup mixture.
Cook on High setting for 3 to 4 hours, or on Low setting for 8 to 9 hours.
"
"['1/2 cup packed brown sugar ', '1/2 cup ketchup ', '1 1/2 pounds lean ground beef ', '3/4 cup milk ', '2 eggs ', '1 1/2 teaspoons salt ', '1/4 teaspoon ground black pepper ', '1 small onion, chopped ', '1/4 teaspoon ground ginger ', '3/4 cup finely crushed saltine cracker crumbs ', '']","Preheat oven to 350 degrees F (175 degrees ). Lightly grease a 5x9 inch loaf pan.
Press the brown sugar in the bottom of the prepared loaf pan and spread the ketchup over the sugar.
In a mixing bowl, mix thoroughly all remaining ingredients and shape into a loaf. Place on top of the ketchup.
Bake in preheated oven for 1 hour or until juices are clear.
"
"['1 cup butter, softened ', '1 cup white sugar ', '1 cup packed brown sugar ', '2 eggs ', '2 teaspoons vanilla extract ', '3 cups all-purpose flour ', '1 teaspoon baking soda ', '2 teaspoons hot water ', '1/2 teaspoon salt ', '2 cups semisweet chocolate chips ', '1 cup chopped walnuts ', '']","Preheat oven to 350 degrees F (175 degrees ).
Cream together the butter, white sugar, and brown sugar until smooth. Beat in the eggs one at a time, then stir in the vanilla. Dissolve baking soda in hot water. Add to batter along with salt. Stir in flour, chocolate chips, and nuts. Drop by large spoonfuls onto ungreased pans.
Bake for about 10 minutes in the preheated oven, or until edges are nicely browned.
"
"['8 ounces whole wheat rotini pasta ', '3 cups fresh broccoli florets ', '1 medium onion, chopped ', '3 cloves garlic, minced ', '4 tablespoons butter, divided ', '2 tablespoons all-purpose flour ', '1/4 teaspoon salt ', '1/8 teaspoon ground black pepper ', '2 1/2 cups milk ', '8 ounces Cheddar cheese, shredded ', '4 ounces reduced-fat cream cheese, cubed and softened ', '1/2 cup fine dry Italian-seasoned bread crumbs ', 'Reynolds Wrap® Non Stick Aluminum Foil ', '']","Preheat oven to 350 degrees F. Line a 2-quart casserole dish with Reynolds Wrap(R) Pan Lining Paper, parchment side up. No need to grease dish.
Cook the pasta in a large saucepan according to the package directions, adding the broccoli for the last 3 minutes of cooking. Drain. Return to the saucepan and set aside.
Cook the onion and garlic in 2 tablespoons hot butter in a large skillet 5 to 7 minutes or until tender. Stir in flour, salt, and black pepper. Add the milk all at once. Cook and stir over medium heat until slightly thickened and bubbly. Add cheddar cheese and cream cheese, stirring until melted. Pour cheese sauce over the pasta and broccoli and stir until well combined.
Melt the remaining 2 tablespoons butter and mix with the bread crumbs in a small bowl. Transfer the pasta mixture to the prepared casserole dish. Top with the buttery bread crumbs.
Bake, uncovered, about 25 minutes or until bubbly and internal temperature is 165 degrees F. Let stand for 10 minutes before serving.
"
"['2 cups all-purpose flour ', '1 teaspoon baking soda ', '1/4 teaspoon salt ', '1/2 cup butter ', '3/4 cup brown sugar ', '2 eggs, beaten ', '2 1/3 cups mashed overripe bananas ', '']","Preheat oven to 350 degrees F (175 degrees ). Lightly grease a 9x5 inch loaf pan.
In a large bowl, combine flour, baking soda and salt. In a separate bowl, cream together butter and brown sugar. Stir in eggs and mashed bananas until well blended. Stir banana mixture into flour mixture; stir just to moisten. Pour batter into prepared loaf pan.
Bake in preheated oven for 60 to 65 minutes, until a toothpick inserted into center of the loaf comes out clean. Let bread cool in pan for 10 minutes, then turn out onto a wire rack.
"
"['For potato crust: ', '3 russet potatoes, peeled and cut into chunks ', '3 tablespoons butter ', '1 pinch freshly grated nutmeg ', 'salt and ground black pepper to taste ', '1 pinch cayenne pepper, or to taste ', '1/2 cup milk ', 'For the spinach: ', '2 teaspoons olive oil ', '12 ounces baby spinach leaves ', 'For the sauce: ', '3 tablespoons butter ', '3 tablespoons all-purpose flour ', '2 cloves garlic, minced ', '2 cups cold milk, divided ', '2 teaspoons lemon zest ', 'For the rest: ', '1 tablespoon butter ', 'salt and ground black pepper to taste ', '1 pinch cayenne pepper, or to taste ', '2 pounds boneless cod fillets ', '1/2 lemon, juiced ', '1 tablespoon chopped fresh chives for garnish ', '']","Bring a large saucepan of salted water and to a boil; add russet potatoes to boiling water and cook until very tender, about 20 minutes. Drain well. Mash in 3 tablespoons butter until thoroughly combined. Season with nutmeg, salt, black pepper, and cayenne pepper to taste. Mash 1/2 cup milk into potato mixture until smooth.
Drizzle olive oil in a large Dutch oven over medium-high heat, add spinach, and season with a big pinch of salt. Cook, stirring occasionally, until spinach has wilted, about 1 minute. Transfer to a bowl lined with paper towels to wick away excess moisture.
Heat 3 tablespoons butter and flour in a saucepan over medium heat; whisk mixture to a smooth paste. Cook, stirring constantly, until mixture has a nutty smell and is slightly browned, about 2 minutes. Add chopped garlic; whisk until fragrant, 10 to 20 seconds.
Whisk 1 cup cold milk into flour mixture; cook until thickened. Whisk in remaining 1 cup milk and lemon zest. Bring white sauce to a gentle simmer, whisking constantly; season with salt. Turn heat to very low and keep sauce warm.
Preheat oven to 375 degrees F (190 degrees ). Grease an 8x12-inch casserole dish with 1 tablespoon butter.
Season buttered pan with salt, black pepper, and cayenne pepper. Lay boneless cod fillets into the pan in a single layer. Season tops of fillets with more salt, black pepper, and cayenne pepper. Spread spinach evenly over fish and drizzle with lemon juice. Spoon white sauce over spinach; give casserole dish several taps and shakes to eliminate bubbles.
Drop mashed potatoes by heaping spoonfuls over the casserole and spread smoothly to cover. Place dish onto a rimmed baking sheet to catch spills.
Bake in the preheated oven until bubbling, about 40 minutes. Turn on oven's broiler and broil until potato crust has a golden brown top, about 2 minutes. Fish should flake easily. Let stand 10 minutes before serving. Garnish with a sprinkle of chives.
"
"['3 cups all-purpose flour ', '1 teaspoon salt ', '1 teaspoon baking soda ', '1 teaspoon baking powder ', '1 tablespoon ground cinnamon ', '3 eggs ', '1 cup vegetable oil ', '2 1/4 cups white sugar ', '3 teaspoons vanilla extract ', '2 cups grated zucchini ', '1 cup chopped walnuts ', '']","Grease and flour two 8 x 4 inch pans. Preheat oven to 325 degrees F (165 degrees ).
Sift flour, salt, baking powder, soda, and cinnamon together in a bowl.
Beat eggs, oil, vanilla, and sugar together in a large bowl. Add sifted ingredients to the creamed mixture, and beat well. Stir in zucchini and nuts until well combined. Pour batter into prepared pans.
Bake for 40 to 60 minutes, or until tester inserted in the center comes out clean. Cool in pan on rack for 20 minutes. Remove bread from pan, and completely cool.
"
"['1 1/2 cups butter, softened ', '2 cups white sugar ', '4 eggs ', '1 teaspoon vanilla extract ', '5 cups all-purpose flour ', '2 teaspoons baking powder ', '1 teaspoon salt ', '']","In a large bowl, cream together butter and sugar until smooth. Beat in eggs and vanilla. Stir in the flour, baking powder, and salt. Cover, and chill dough for at least one hour (or overnight).
Preheat oven to 400 degrees F (200 degrees ). Roll out dough on floured surface 1/4 to 1/2 inch thick. Cut into shapes with any cookie cutter. Place cookies 1 inch apart on ungreased cookie sheets.
Bake 6 to 8 minutes in preheated oven. Cool completely.
"
"['Sauce: ', '1/2 cup ketchup ', '1/2 cup chicken broth ', '1 large egg ', '2 tablespoons soy sauce ', '2 tablespoons chile-garlic sauce (such as sambal oelek) ', '1 tablespoon oyster sauce ', '1 tablespoon tamarind paste ', '2 teaspoons fish sauce ', '2 teaspoons palm sugar ', '1/4 cup minced shallot ', '6 cloves garlic, minced ', '2 tablespoons vegetable oil, or more as needed ', '2 tablespoons minced fresh ginger root ', '1 tablespoon minced serrano pepper ', '2 cooked Dungeness crabs, cleaned and cracked ', '2 tablespoons chopped fresh cilantro ', '2 tablespoons sliced green onion (green part only) ', '']","Whisk ketchup, chicken broth, egg, soy sauce, chile-garlic sauce, oyster sauce, tamarind paste, fish sauce, and palm sugar together in a bowl.
Stir shallots, garlic, oil, ginger, and serrano pepper together in a pot over medium-high heat. Saute until sizzling, about 2 minutes. Add crab to pot, cover the pot with a lid, and shake until crab is completely coated in shallot mixture. Remove lid and cook and stir until heated through, about 3 minutes.
Pour ketchup mixture into pot, reduce heat to medium, and cook and stir until sauce thickens and crab is hot about 5 minutes. Remove from heat; stir in cilantro and green onions.
"
"['1 (15 ounce) can pumpkin puree ', '4 eggs ', '1 cup vegetable oil ', '2/3 cup water ', '3 cups white sugar ', '3 1/2 cups all-purpose flour ', '2 teaspoons baking soda ', '1 1/2 teaspoons salt ', '1 teaspoon ground cinnamon ', '1 teaspoon ground nutmeg ', '1/2 teaspoon ground cloves ', '1/4 teaspoon ground ginger ', '']","Preheat oven to 350 degrees F (175 degrees ). Grease and flour three 7x3 inch loaf pans.
In a large bowl, mix together pumpkin puree, eggs, oil, water and sugar until well blended. In a separate bowl, whisk together the flour, baking soda, salt, cinnamon, nutmeg, cloves and ginger. Stir the dry ingredients into the pumpkin mixture until just blended. Pour into the prepared pans.
Bake for about 50 minutes in the preheated oven. Loaves are done when toothpick inserted in center comes out clean.
"
"['2 cups all-purpose flour ', '1/2 teaspoon baking soda ', '1/2 teaspoon salt ', '3/4 cup unsalted butter, melted ', '1 cup packed brown sugar ', '1/2 cup white sugar ', '1 tablespoon vanilla extract ', '1 egg ', '1 egg yolk ', '2 cups semisweet chocolate chips ', '']","Preheat the oven to 325 degrees F (165 degrees ). Grease cookie sheets or line with parchment paper.
Sift together the flour, baking soda and salt; set aside.
In a medium bowl, cream together the melted butter, brown sugar and white sugar until well blended. Beat in the vanilla, egg, and egg yolk until light and creamy. Mix in the sifted ingredients until just blended. Stir in the chocolate chips by hand using a wooden spoon. Drop cookie dough 1/4 cup at a time onto the prepared cookie sheets. Cookies should be about 3 inches apart.
Bake for 15 to 17 minutes in the preheated oven, or until the edges are lightly toasted. Cool on baking sheets for a few minutes before transferring to wire racks to cool completely.
"
"['1 pound cauliflower florets ', '1/4 cup mashed potato flakes ', '1/4 cup low-fat milk ', '2 tablespoons margarine ', 'salt and ground black pepper to taste ', '1/4 cup shredded reduced-fat Cheddar cheese ', '']","Preheat oven to 375 degrees F (190 degrees ).
Place a steamer insert into a saucepan and fill with water to just below the bottom of the steamer. Bring water to a boil. Add cauliflower, cover, and steam until tender, about 20 minutes. Transfer cauliflower to a large bowl. Add mashed potato flakes, milk, and margarine; mash with a potato masher or fork until cauliflower mixture is fluffy. Season with salt and black pepper. Pour mixture into a baking dish and sprinkle with Cheddar cheese.
Bake in preheated oven until cheese is melted, about 10 minutes.
"
"['1 1/2 pounds thickly sliced bacon, diced ', '6 pounds boneless lamb shoulder, cut into 2 inch pieces ', '1/2 teaspoon salt ', '1/2 teaspoon ground black pepper ', '1/2 cup all-purpose flour ', '3 cloves garlic, minced ', '1 large onion, chopped ', '1/2 cup water ', '4 cups beef stock ', '2 teaspoons white sugar ', '4 cups diced carrots ', '2 large onions, cut into bite-size pieces ', '3 potatoes ', '1 teaspoon dried thyme ', '2 bay leaves ', '1 cup white wine ', '']","Place bacon in a large, deep skillet. Cook over medium high heat until evenly brown. Drain, crumble, and set aside.
Put lamb, salt, pepper, and flour in large mixing bowl. Toss to coat meat evenly. Brown meat in frying pan with bacon fat.
Place meat into stock pot (leave 1/4 cup of fat in frying pan). Add the garlic and yellow onion and saute till onion begins to become golden. Deglaze frying pan with 1/2 cup water and add the garlic-onion mixture to the stock pot with bacon pieces, beef stock, and sugar. Cover and simmer for 1 1/2 hours.
Add carrots, onions, potatoes, thyme, bay leaves, and wine to pot. Reduce heat, and simmer covered for 20 minutes until vegetables are tender.
"
"['1 1/2 cups all-purpose flour ', '3/4 cup white sugar ', '1/2 teaspoon salt ', '2 teaspoons baking powder ', '1/3 cup vegetable oil ', '1 egg ', '1/3 cup milk ', '1 cup fresh blueberries ', '1/2 cup white sugar ', '1/3 cup all-purpose flour ', '1/4 cup butter, cubed ', '1 1/2 teaspoons ground cinnamon ', '']","Preheat oven to 400 degrees F (200 degrees ). Grease muffin cups or line with muffin liners.
Combine 1 1/2 cups flour, 3/4 cup sugar, salt and baking powder. Place vegetable oil into a 1 cup measuring cup; add the egg and enough milk to fill the cup. Mix this with flour mixture. Fold in blueberries. Fill muffin cups right to the top, and sprinkle with crumb topping mixture.
To Make Crumb Topping: Mix together 1/2 cup sugar, 1/3 cup flour, 1/4 cup butter, and 1 1/2 teaspoons cinnamon. Mix with fork, and sprinkle over muffins before baking.
Bake for 20 to 25 minutes in the preheated oven, or until done.
"
"['1/2 cup Parmesan cheese ', '1/4 cup butter, softened ', '3 tablespoons mayonnaise ', '2 tablespoons fresh lemon juice ', '1/4 teaspoon dried basil ', '1/4 teaspoon ground black pepper ', '1/8 teaspoon onion powder ', '1/8 teaspoon celery salt ', '2 pounds tilapia fillets ', '']","Preheat your oven's broiler. Grease a broiling pan or line pan with aluminum foil.
In a small bowl, mix together the Parmesan cheese, butter, mayonnaise and lemon juice. Season with dried basil, pepper, onion powder and celery salt. Mix well and set aside.
Arrange fillets in a single layer on the prepared pan. Broil a few inches from the heat for 2 to 3 minutes. Flip the fillets over and broil for a couple more minutes. Remove the fillets from the oven and cover them with the Parmesan cheese mixture on the top side. Broil for 2 more minutes or until the topping is browned and fish flakes easily with a fork. Be careful not to over cook the fish.
"
"['4 1/2 cups all-purpose flour ', '2 teaspoons baking soda ', '2 cups butter, softened ', '1 1/2 cups packed brown sugar ', '1/2 cup white sugar ', '2 (3.4 ounce) packages instant vanilla pudding mix ', '4 eggs ', '2 teaspoons vanilla extract ', '4 cups semisweet chocolate chips ', '2 cups chopped walnuts (optional) ', '']","Preheat oven to 350 degrees F (175 degrees ). Sift together the flour and baking soda, set aside.
In a large bowl, cream together the butter, brown sugar, and white sugar. Beat in the instant pudding mix until blended. Stir in the eggs and vanilla. Blend in the flour mixture. Finally, stir in the chocolate chips and nuts. Drop cookies by rounded spoonfuls onto ungreased cookie sheets.
Bake for 10 to 12 minutes in the preheated oven. Edges should be golden brown.
"
"['1 pound sweet Italian sausage ', '3/4 pound lean ground beef ', '1/2 cup minced onion ', '2 cloves garlic, crushed ', '1 (28 ounce) can crushed tomatoes ', '2 (6 ounce) cans tomato paste ', '2 (6.5 ounce) cans canned tomato sauce ', '1/2 cup water ', '2 tablespoons white sugar ', '1 1/2 teaspoons dried basil leaves ', '1/2 teaspoon fennel seeds ', '1 teaspoon Italian seasoning ', '1 tablespoon salt ', '1/4 teaspoon ground black pepper ', '4 tablespoons chopped fresh parsley ', '12 lasagna noodles ', '16 ounces ricotta cheese ', '1 egg ', '1/2 teaspoon salt ', '3/4 pound mozzarella cheese, sliced ', '3/4 cup grated Parmesan cheese ', '']","In a Dutch oven, cook sausage, ground beef, onion, and garlic over medium heat until well browned. Stir in crushed tomatoes, tomato paste, tomato sauce, and water. Season with sugar, basil, fennel seeds, Italian seasoning, 1 tablespoon salt, pepper, and 2 tablespoons parsley. Simmer, covered, for about 1 1/2 hours, stirring occasionally.
Bring a large pot of lightly salted water to a boil. Cook lasagna noodles in boiling water for 8 to 10 minutes. Drain noodles, and rinse with cold water. In a mixing bowl, combine ricotta cheese with egg, remaining parsley, and 1/2 teaspoon salt.
Preheat oven to 375 degrees F (190 degrees ).
To assemble, spread 1 1/2 cups of meat sauce in the bottom of a 9x13 inch baking dish. Arrange 6 noodles lengthwise over meat sauce. Spread with one half of the ricotta cheese mixture. Top with a third of mozzarella cheese slices. Spoon 1 1/2 cups meat sauce over mozzarella, and sprinkle with 1/4 cup Parmesan cheese. Repeat layers, and top with remaining mozzarella and Parmesan cheese. Cover with foil: to prevent sticking, either spray foil with cooking spray, or make sure the foil does not touch the cheese.
Bake in preheated oven for 25 minutes. Remove foil, and bake an additional 25 minutes. Cool for 15 minutes before serving.
"
"['1/2 cup butter ', '1 cup white sugar ', '2 eggs ', '1 teaspoon vanilla extract ', '1/3 cup unsweetened cocoa powder ', '1/2 cup all-purpose flour ', '1/4 teaspoon salt ', '1/4 teaspoon baking powder ', 'Frosting: ', '3 tablespoons butter, softened ', '3 tablespoons unsweetened cocoa powder ', '1 tablespoon honey ', '1 teaspoon vanilla extract ', ""1 cup confectioners' sugar "", '']","Preheat oven to 350 degrees F (175 degrees ). Grease and flour an 8-inch square pan.
In a large saucepan, melt 1/2 cup butter. Remove from heat, and stir in sugar, eggs, and 1 teaspoon vanilla. Beat in 1/3 cup cocoa, 1/2 cup flour, salt, and baking powder. Spread batter into prepared pan.
Bake in preheated oven for 25 to 30 minutes. Do not overcook.
To Make Frosting: Combine 3 tablespoons softened butter, 3 tablespoons cocoa, honey, 1 teaspoon vanilla extract, and 1 cup confectioners' sugar. Stir until smooth. Frost brownies while they are still warm.
"
"['1/2 cup white sugar ', '4 cups all-purpose flour ', '2 teaspoons baking powder ', '1 teaspoon baking soda ', '3/4 teaspoon salt ', '3 cups raisins ', '1 tablespoon caraway seeds ', '2 eggs, lightly beaten ', '1 1/4 cups buttermilk ', '1 cup sour cream ', '']","Preheat oven to 350 degrees F (175 degrees ). Grease a 9 inch round cast iron skillet or a 9 inch round baking or cake pan.
In a mixing bowl, combine flour (reserving 1 tablespoon), sugar, baking powder, baking soda, salt, raisins and caraway seeds. In a small bowl, blend eggs, buttermilk and sour cream. Stir the liquid mixture into flour mixture just until flour is moistened. Knead dough in bowl about 10 to 12 strokes. Dough will be sticky. Place the dough in the prepared skillet or pan and pat down. Cut a 4x3/4 inch deep slit in the top of the bread. Dust with reserved flour
Bake in a preheated 350 degrees F (175 degrees ) oven for 65 to 75 minutes. Let cool and turn bread onto a wire rack.
"
"['3 1/2 cups peeled and diced potatoes ', '1/3 cup diced celery ', '1/3 cup finely chopped onion ', '3/4 cup diced cooked ham ', '3 1/4 cups water ', '2 tablespoons chicken bouillon granules ', '1/2 teaspoon salt, or to taste ', '1 teaspoon ground white or black pepper, or to taste ', '5 tablespoons butter ', '5 tablespoons all-purpose flour ', '2 cups milk ', '']","Combine the potatoes, celery, onion, ham and water in a stockpot. Bring to a boil, then cook over medium heat until potatoes are tender, about 10 to 15 minutes. Stir in the chicken bouillon, salt and pepper.
In a separate saucepan, melt butter over medium-low heat. Whisk in flour with a fork, and cook, stirring constantly until thick, about 1 minute. Slowly stir in milk as not to allow lumps to form until all of the milk has been added. Continue stirring over medium-low heat until thick, 4 to 5 minutes.
Stir the milk mixture into the stockpot, and cook soup until heated through. Serve immediately.
"
"['1 pound skinless, boneless chicken breast halves - cubed ', '1 cup sliced carrots ', '1 cup frozen green peas ', '1/2 cup sliced celery ', '1/3 cup butter ', '1/3 cup chopped onion ', '1/3 cup all-purpose flour ', '1/2 teaspoon salt ', '1/4 teaspoon black pepper ', '1/4 teaspoon celery seed ', '1 3/4 cups chicken broth ', '2/3 cup milk ', '2 (9 inch) unbaked pie crusts ', '']","Preheat oven to 425 degrees F (220 degrees .)
In a saucepan, combine chicken, carrots, peas, and celery. Add water to cover and boil for 15 minutes. Remove from heat, drain and set aside.
In the saucepan over medium heat, cook onions in butter until soft and translucent. Stir in flour, salt, pepper, and celery seed. Slowly stir in chicken broth and milk. Simmer over medium-low heat until thick. Remove from heat and set aside.
Place the chicken mixture in bottom pie crust. Pour hot liquid mixture over. Cover with top crust, seal edges, and cut away excess dough. Make several small slits in the top to allow steam to escape.
Bake in the preheated oven for 30 to 35 minutes, or until pastry is golden brown and filling is bubbly. Cool for 10 minutes before serving.
"
"['3/4 cup milk ', '2 tablespoons white vinegar ', '1 cup all-purpose flour ', '2 tablespoons white sugar ', '1 teaspoon baking powder ', '1/2 teaspoon baking soda ', '1/2 teaspoon salt ', '1 egg ', '2 tablespoons butter, melted ', 'cooking spray ', '']","Combine milk with vinegar in a medium bowl and set aside for 5 minutes to ""sour"".
Combine flour, sugar, baking powder, baking soda, and salt in a large mixing bowl. Whisk egg and butter into ""soured"" milk. Pour the flour mixture into the wet ingredients and whisk until lumps are gone.
Heat a large skillet over medium heat, and coat with cooking spray. Pour 1/4 cupfuls of batter onto the skillet, and cook until bubbles appear on the surface. Flip with a spatula, and cook until browned on the other side.
"
"['1 1/2 cups all-purpose flour ', '3 1/2 teaspoons baking powder ', '1 teaspoon salt ', '1 tablespoon white sugar ', '1 1/4 cups milk ', '1 egg ', '3 tablespoons butter, melted ', '']","In a large bowl, sift together the flour, baking powder, salt and sugar. Make a well in the center and pour in the milk, egg and melted butter; mix until smooth.
Heat a lightly oiled griddle or frying pan over medium high heat. Pour or scoop the batter onto the griddle, using approximately 1/4 cup for each pancake. Brown on both sides and serve hot.
"
"['1 1/2 cups all-purpose flour ', '1 teaspoon baking soda ', '1 teaspoon baking powder ', '1/2 teaspoon salt ', '3 bananas, mashed ', '3/4 cup white sugar ', '1 egg, lightly beaten ', '1/3 cup butter, melted ', '1/3 cup packed brown sugar ', '2 tablespoons all-purpose flour ', '1/8 teaspoon ground cinnamon ', '1 tablespoon butter ', '']","Preheat oven to 375 degrees F (190 degrees ). Lightly grease 10 muffin cups, or line with muffin papers.
In a large bowl, mix together 1 1/2 cups flour, baking soda, baking powder and salt. In another bowl, beat together bananas, sugar, egg and melted butter. Stir the banana mixture into the flour mixture just until moistened. Spoon batter into prepared muffin cups.
In a small bowl, mix together brown sugar, 2 tablespoons flour and cinnamon. Cut in 1 tablespoon butter until mixture resembles coarse cornmeal. Sprinkle topping over muffins.
Bake in preheated oven for 18 to 20 minutes, until a toothpick inserted into center of a muffin comes out clean.
"
"['2 (19.8 ounce) packages fudge brownie mix (such as Duncan Hines®) ', '1 cup Irish cream liqueur (such as Baileys®) ', '2/3 cup vegetable oil ', '2 eggs ', '1 cup unsalted butter, softened ', '5 tablespoons Irish cream liqueur (such as Baileys®) ', ""4 cups confectioners' sugar "", '']","Preheat oven to 350 degrees F (175 degrees ).
Butter the bottom of a 10 1/2x15 1/2-inch jelly roll pan.
Place fudge brownie mix into a large bowl; beat in 1 cup of Irish cream liqueur, vegetable oil, and eggs until the mixture forms a smooth batter.
Spread the batter into the prepared jelly roll pan.
Bake in the preheated oven until the brownies are set and a toothpick inserted into the center comes out clean, about 20 minutes. Remove pan from oven and allow to cool completely.
Beat unsalted butter in a large bowl until smooth; beat in 5 tablespoons Irish cream liqueur until mixture is creamy.
Slowly beat in confectioners' sugar, 1 cup at a time, until frosting is desired stiffness; spread frosting on brownies to serve.
"
"['1 recipe pastry for a 9 inch double crust pie ', '1/2 cup unsalted butter ', '3 tablespoons all-purpose flour ', '1/4 cup water ', '1/2 cup white sugar ', '1/2 cup packed brown sugar ', '8 Granny Smith apples - peeled, cored and sliced ', '']","Preheat oven to 425 degrees F (220 degrees ). Melt the butter in a saucepan. Stir in flour to form a paste. Add water, white sugar and brown sugar, and bring to a boil. Reduce temperature and let simmer.
Place the bottom crust in your pan. Fill with apples, mounded slightly. Cover with a lattice work crust. Gently pour the sugar and butter liquid over the crust. Pour slowly so that it does not run off.
Bake 15 minutes in the preheated oven. Reduce the temperature to 350 degrees F (175 degrees ). Continue baking for 35 to 45 minutes, until apples are soft.
"
"['2 pounds potatoes, peeled and cubed ', '1 head cabbage, chopped ', '1 bunch green onions, chopped ', '1/4 cup butter, softened ', '1/2 cup half-and-half cream ', 'salt and black pepper to taste ', '']","Place the potatoes, cabbage, and green onions into a large sauce pan, fill with water, and bring to a boil. Reduce heat, cover, and simmer until the potatoes are tender, about 20 minutes.
Drain the vegetables and place into a large bowl. Mash the potatoes and vegetables with the butter using a fork until the mixture is chunky, pouring in half-and-half gradually as you mash. Season with salt and pepper, and serve.
"
"['2 tablespoons maple syrup ', '1 tablespoon balsamic syrup ', '1/4 teaspoon garlic powder ', '2 pinches cayenne pepper ', '1 pinch ground white pepper ', '1 pinch ground nutmeg ', '1 pinch ground dried chipotle pepper ', '3 skinless, boneless chicken breast halves ', '1 tablespoon olive oil ', '']","Whisk maple syrup, balsamic vinegar, garlic powder, cayenne pepper, white pepper, nutmeg, and chipotle pepper together in a small bowl until rub is smooth. Coat chicken on all sides with rub.
Heat olive oil in a large skillet over medium-high heat. Cook chicken in hot oil until no longer pink in the center and juices run clear, 5 to 10 minutes per side. An instant-read thermometer inserted into the center should read at least 165 degrees F (74 degrees ).
"
"['6 frozen skinless, boneless chicken breast halves ', '1 (12 ounce) bottle barbeque sauce ', '1/2 cup Italian salad dressing ', '1/4 cup brown sugar ', '2 tablespoons Worcestershire sauce ', '']","Place chicken in a slow cooker. In a bowl, mix the barbecue sauce, Italian salad dressing, brown sugar, and Worcestershire sauce. Pour over the chicken.
Cover, and cook 3 to 4 hours on High or 6 to 8 hours on Low.
"
"['6 skinless, boneless chicken breast halves ', '6 slices Swiss cheese ', '6 slices ham ', '3 tablespoons all-purpose flour ', '1 teaspoon paprika ', '6 tablespoons butter ', '1/2 cup dry white wine ', '1 teaspoon chicken bouillon granules ', '1 tablespoon cornstarch ', '1 cup heavy whipping cream ', '']","Pound chicken breasts if they are too thick. Place a cheese and ham slice on each breast within 1/2 inch of the edges. Fold the edges of the chicken over the filling, and secure with toothpicks. Mix the flour and paprika in a small bowl, and coat the chicken pieces.
Heat the butter in a large skillet over medium-high heat, and cook the chicken until browned on all sides. Add the wine and bouillon. Reduce heat to low, cover, and simmer for 30 minutes, until chicken is no longer pink and juices run clear.
Remove the toothpicks, and transfer the breasts to a warm platter. Blend the cornstarch with the cream in a small bowl, and whisk slowly into the skillet. Cook, stirring until thickened, and pour over the chicken. Serve warm.
"
"['15 graham crackers, crushed ', '2 tablespoons butter, melted ', '4 (8 ounce) packages cream cheese ', '1 1/2 cups white sugar ', '3/4 cup milk ', '4 eggs ', '1 cup sour cream ', '1 tablespoon vanilla extract ', '1/4 cup all-purpose flour ', '']","Preheat oven to 350 degrees F (175 degrees ). Grease a 9 inch springform pan.
In a medium bowl, mix graham cracker crumbs with melted butter. Press onto bottom of springform pan.
In a large bowl, mix cream cheese with sugar until smooth. Blend in milk, and then mix in the eggs one at a time, mixing just enough to incorporate. Mix in sour cream, vanilla and flour until smooth. Pour filling into prepared crust.
Bake in preheated oven for 1 hour. Turn the oven off, and let cake cool in oven with the door closed for 5 to 6 hours; this prevents cracking. Chill in refrigerator until serving.
"
"['1 tablespoon cornstarch ', '1 tablespoon cold water ', '1/2 cup white sugar ', '1/2 cup soy sauce ', '1/4 cup cider vinegar ', '1 clove garlic, minced ', '1/2 teaspoon ground ginger ', '1/4 teaspoon ground black pepper ', '12 skinless chicken thighs ', '']","In a small saucepan over low heat, combine the cornstarch, cold water, sugar, soy sauce, vinegar, garlic, ginger and ground black pepper. Let simmer, stirring frequently, until sauce thickens and bubbles.
Preheat oven to 425 degrees F (220 degrees ).
Place chicken pieces in a lightly greased 9x13 inch baking dish. Brush chicken with the sauce. Turn pieces over, and brush again.
Bake in the preheated oven for 30 minutes. Turn pieces over, and bake for another 30 minutes, until no longer pink and juices run clear. Brush with sauce every 10 minutes during cooking.
"
"['3 avocados - peeled, pitted, and mashed ', '1 lime, juiced ', '1 teaspoon salt ', '1/2 cup diced onion ', '3 tablespoons chopped fresh cilantro ', '2 roma (plum) tomatoes, diced ', '1 teaspoon minced garlic ', '1 pinch ground cayenne pepper (optional) ', '']","In a medium bowl, mash together the avocados, lime juice, and salt. Mix in onion, cilantro, tomatoes, and garlic. Stir in cayenne pepper. Refrigerate 1 hour for best flavor, or serve immediately.
"
"['2 pounds ground beef chuck ', '1 pound bulk Italian sausage ', '3 (15 ounce) cans chili beans, drained ', '1 (15 ounce) can chili beans in spicy sauce ', '2 (28 ounce) cans diced tomatoes with juice ', '1 (6 ounce) can tomato paste ', '1 large yellow onion, chopped ', '3 stalks celery, chopped ', '1 green bell pepper, seeded and chopped ', '1 red bell pepper, seeded and chopped ', '2 green chile peppers, seeded and chopped ', '1 tablespoon bacon bits ', '4 cubes beef bouillon ', '1/2 cup beer ', '1/4 cup chili powder ', '1 tablespoon Worcestershire sauce ', '1 tablespoon minced garlic ', '1 tablespoon dried oregano ', '2 teaspoons ground cumin ', '2 teaspoons hot pepper sauce (e.g. Tabasco™) ', '1 teaspoon dried basil ', '1 teaspoon salt ', '1 teaspoon ground black pepper ', '1 teaspoon cayenne pepper ', '1 teaspoon paprika ', '1 teaspoon white sugar ', '1 (10.5 ounce) bag corn chips such as Fritos® ', '1 (8 ounce) package shredded Cheddar cheese ', '']","Heat a large stock pot over medium-high heat. Crumble the ground chuck and sausage into the hot pan, and cook until evenly browned. Drain off excess grease.
Pour in the chili beans, spicy chili beans, diced tomatoes and tomato paste. Add the onion, celery, green and red bell peppers, chile peppers, bacon bits, bouillon, and beer. Season with chili powder, Worcestershire sauce, garlic, oregano, cumin, hot pepper sauce, basil, salt, pepper, cayenne, paprika, and sugar. Stir to blend, then cover and simmer over low heat for at least 2 hours, stirring occasionally.
After 2 hours, taste, and adjust salt, pepper, and chili powder if necessary. The longer the chili simmers, the better it will taste. Remove from heat and serve, or refrigerate, and serve the next day.
To serve, ladle into bowls, and top with corn chips and shredded Cheddar cheese.
"
"['6 pork chops ', '1 teaspoon garlic powder ', '1 teaspoon seasoning salt ', '2 egg, beaten ', '1/4 cup all-purpose flour ', '2 cups Italian-style seasoned bread crumbs ', '4 tablespoons olive oil ', '1 (10.75 ounce) can condensed cream of mushroom soup ', '1/2 cup milk ', '1/3 cup white wine ', '']","Preheat oven to 350 degrees F (175 degrees ).
Rinse pork chops, pat dry, and season with garlic powder and seasoning salt to taste. Place the beaten eggs in a small bowl. Dredge the pork chops lightly in flour, dip in the egg, and coat liberally with bread crumbs.
Heat the oil in a medium skillet over medium-high heat. Fry the pork chops 5 minutes per side, or until the breading appears well browned. Transfer the chops to a 9x13 inch baking dish, and cover with foil.
Bake in the preheated oven for 1 hour. While baking, combine the cream of mushroom soup, milk and white wine in a medium bowl. After the pork chops have baked for an hour, cover them with the soup mixture. Replace foil, and bake for another 30 minutes.
"
"['2 3/4 cups all-purpose flour ', '1 teaspoon baking soda ', '1/2 teaspoon baking powder ', '1 cup butter, softened ', '1 1/2 cups white sugar ', '1 egg ', '1 teaspoon vanilla extract ', '']","Preheat oven to 375 degrees F (190 degrees ). In a small bowl, stir together flour, baking soda, and baking powder. Set aside.
In a large bowl, cream together the butter and sugar until smooth. Beat in egg and vanilla. Gradually blend in the dry ingredients. Roll rounded teaspoonfuls of dough into balls, and place onto ungreased cookie sheets.
Bake 8 to 10 minutes in the preheated oven, or until golden. Let stand on cookie sheet two minutes before removing to cool on wire racks.
"
"['1 onion, chopped ', '1 (16 ounce) can chili beans ', '1 (15 ounce) can black beans ', '1 (15 ounce) can whole kernel corn, drained ', '1 (8 ounce) can tomato sauce ', '1 (12 fluid ounce) can or bottle beer ', '2 (10 ounce) cans diced tomatoes with green chilies, undrained ', '1 (1.25 ounce) package taco seasoning ', '3 whole skinless, boneless chicken breasts ', '1 (8 ounce) package shredded Cheddar cheese (optional) ', 'sour cream (optional) ', 'crushed tortilla chips (optional) ', '']","Place the onion, chili beans, black beans, corn, tomato sauce, beer, and diced tomatoes in a slow cooker. Add taco seasoning, and stir to blend. Lay chicken breasts on top of the mixture, pressing down slightly until just covered by the other ingredients. Set slow cooker for low heat, cover, and cook for 5 hours.
Remove chicken breasts from the soup, and allow to cool long enough to be handled. Stir the shredded chicken back into the soup, and continue cooking for 2 hours. Serve topped with shredded Cheddar cheese, a dollop of sour cream, and crushed tortilla chips, if desired.
"
"['1/2 cup butter ', '2/3 cup white sugar ', '2 eggs ', '1 cup buttermilk ', '1/2 teaspoon baking soda ', '1 cup cornmeal ', '1 cup all-purpose flour ', '1/2 teaspoon salt ', '']","Preheat oven to 375 degrees F (175 degrees ). Grease an 8 inch square pan.
Melt butter in large skillet. Remove from heat and stir in sugar. Quickly add eggs and beat until well blended. Combine buttermilk with baking soda and stir into mixture in pan. Stir in cornmeal, flour, and salt until well blended and few lumps remain. Pour batter into the prepared pan.
Bake in the preheated oven for 30 to 40 minutes, or until a toothpick inserted in the center comes out clean.
"
"['1 pound dry ziti pasta ', '1 onion, chopped ', '1 pound lean ground beef ', '2 (26 ounce) jars spaghetti sauce ', '6 ounces provolone cheese, sliced ', '1 1/2 cups sour cream ', '6 ounces mozzarella cheese, shredded ', '2 tablespoons grated Parmesan cheese ', '']","Bring a large pot of lightly salted water to a boil. Add ziti pasta, and cook until al dente, about 8 minutes; drain.
In a large skillet, brown onion and ground beef over medium heat. Add spaghetti sauce, and simmer 15 minutes.
Preheat the oven to 350 degrees F (175 degrees ). Butter a 9x13 inch baking dish. Layer as follows: 1/2 of the ziti, Provolone cheese, sour cream, 1/2 sauce mixture, remaining ziti, mozzarella cheese and remaining sauce mixture. Top with grated Parmesan cheese.
Bake for 30 minutes in the preheated oven, or until cheeses are melted.
"
"['1/2 cup butter, melted ', '1 cup white sugar ', '2 eggs ', '1 teaspoon vanilla extract ', '1 1/2 cups all-purpose flour ', '1 teaspoon baking soda ', '1/2 teaspoon salt ', '1/2 cup sour cream ', '1/2 cup chopped walnuts ', '2 medium bananas, sliced ', '']","Preheat oven to 350 degrees F (175 degrees ). Grease a 9x5 inch loaf pan.
In a large bowl, stir together the melted butter and sugar. Add the eggs and vanilla, mix well. Combine the flour, baking soda and salt, stir into the butter mixture until smooth. Finally, fold in the sour cream, walnuts and bananas. Spread evenly into the prepared pan.
Bake at 350 degrees F (175 degrees ) for 60 minutes, or until a toothpick inserted into the center of the loaf comes out clean. Cool loaf in the pan for 10 minutes before removing to a wire rack to cool completely.
"
"['2 1/4 cups all-purpose flour ', '2 teaspoons ground ginger ', '1 teaspoon baking soda ', '3/4 teaspoon ground cinnamon ', '1/2 teaspoon ground cloves ', '1/4 teaspoon salt ', '3/4 cup margarine, softened ', '1 cup white sugar ', '1 egg ', '1 tablespoon water ', '1/4 cup molasses ', '2 tablespoons white sugar ', '']","Preheat oven to 350 degrees F (175 degrees ). Sift together the flour, ginger, baking soda, cinnamon, cloves, and salt. Set aside.
In a large bowl, cream together the margarine and 1 cup sugar until light and fluffy. Beat in the egg, then stir in the water and molasses. Gradually stir the sifted ingredients into the molasses mixture. Shape dough into walnut sized balls, and roll them in the remaining 2 tablespoons of sugar. Place the cookies 2 inches apart onto an ungreased cookie sheet, and flatten slightly.
Bake for 8 to 10 minutes in the preheated oven. Allow cookies to cool on baking sheet for 5 minutes before removing to a wire rack to cool completely. Store in an airtight container.
"
"['1/2 cup butter, softened ', '1/2 cup shortening ', '1 1/2 cups white sugar ', '2 eggs ', '2 teaspoons vanilla extract ', '2 3/4 cups all-purpose flour ', '2 teaspoons cream of tartar ', '1 teaspoon baking soda ', '1/4 teaspoon salt ', '2 tablespoons white sugar ', '2 teaspoons ground cinnamon ', '']","Preheat oven to 400 degrees F (200 degrees ).
Cream together butter, shortening, 1 1/2 cups sugar, the eggs and the vanilla. Blend in the flour, cream of tartar, soda and salt. Shape dough by rounded spoonfuls into balls.
Mix the 2 tablespoons sugar and the cinnamon. Roll balls of dough in mixture. Place 2 inches apart on ungreased baking sheets.
Bake 8 to 10 minutes, or until set but not too hard. Remove immediately from baking sheets.
"
"['1 tablespoon chili powder ', '1/4 teaspoon garlic powder ', '1/4 teaspoon onion powder ', '1/4 teaspoon crushed red pepper flakes ', '1/4 teaspoon dried oregano ', '1/2 teaspoon paprika ', '1 1/2 teaspoons ground cumin ', '1 teaspoon sea salt ', '1 teaspoon black pepper ', '']","In a small bowl, mix together chili powder, garlic powder, onion powder, red pepper flakes, oregano, paprika, cumin, salt and pepper. Store in an airtight container.
"
"['1 pound lean ground beef ', '1/4 cup chopped onion ', '1/4 cup chopped green bell pepper ', '1/2 teaspoon garlic powder ', '1 teaspoon prepared yellow mustard ', '3/4 cup ketchup ', '3 teaspoons brown sugar ', 'salt to taste ', 'ground black pepper to taste ', '']","In a medium skillet over medium heat, brown the ground beef, onion, and green pepper; drain off liquids.
Stir in the garlic powder, mustard, ketchup, and brown sugar; mix thoroughly. Reduce heat, and simmer for 30 minutes. Season with salt and pepper.
"
"['1 cup warm milk (110 degrees F/45 degrees ) ', '2 eggs, room temperature ', '1/3 cup margarine, melted ', '4 1/2 cups bread flour ', '1 teaspoon salt ', '1/2 cup white sugar ', '2 1/2 teaspoons bread machine yeast ', '1 cup brown sugar, packed ', '2 1/2 tablespoons ground cinnamon ', '1/3 cup butter, softened ', '1 (3 ounce) package cream cheese, softened ', '1/4 cup butter, softened ', ""1 1/2 cups confectioners' sugar "", '1/2 teaspoon vanilla extract ', '1/8 teaspoon salt ', '']","Place ingredients in the pan of the bread machine in the order recommended by the manufacturer. Select dough cycle; press Start.
After the dough has doubled in size turn it out onto a lightly floured surface, cover and let rest for 10 minutes. In a small bowl, combine brown sugar and cinnamon.
Roll dough into a 16x21-inch rectangle. Spread dough with 1/3 cup butter and sprinkle evenly with sugar/cinnamon mixture. Roll up dough and cut into 12 rolls. Place rolls in a lightly greased 9x13 inch baking pan. Cover and let rise until nearly doubled, about 30 minutes. Meanwhile, preheat oven to 400 degrees F (200 degrees ).
Bake rolls in preheated oven until golden brown, about 15 minutes. While rolls are baking, beat together cream cheese, 1/4 cup butter, confectioners' sugar, vanilla extract and salt. Spread frosting on warm rolls before serving.
"
"[""1 (18.25 ounce) package devil's food cake mix "", '1 (5.9 ounce) package instant chocolate pudding mix ', '1 cup sour cream ', '1 cup vegetable oil ', '4 eggs ', '1/2 cup warm water ', '2 cups semisweet chocolate chips ', '']","Preheat oven to 350 degrees F (175 degrees ).
In a large bowl, mix together the cake and pudding mixes, sour cream, oil, beaten eggs and water. Stir in the chocolate chips and pour batter into a well greased 12 cup bundt pan.
Bake for 50 to 55 minutes, or until top is springy to the touch and a wooden toothpick inserted comes out clean. Cool cake thoroughly in pan at least an hour and a half before inverting onto a plate If desired, dust the cake with powdered sugar.
"
"['4 eggs ', '1 1/4 cups vegetable oil ', '2 cups white sugar ', '2 teaspoons vanilla extract ', '2 cups all-purpose flour ', '2 teaspoons baking soda ', '2 teaspoons baking powder ', '1/2 teaspoon salt ', '2 teaspoons ground cinnamon ', '3 cups grated carrots ', '1 cup chopped pecans ', '1/2 cup butter, softened ', '8 ounces cream cheese, softened ', ""4 cups confectioners' sugar "", '1 teaspoon vanilla extract ', '1 cup chopped pecans ', '']","Preheat oven to 350 degrees F (175 degrees ). Grease and flour a 9x13 inch pan.
In a large bowl, beat together eggs, oil, white sugar and 2 teaspoons vanilla. Mix in flour, baking soda, baking powder, salt and cinnamon. Stir in carrots. Fold in pecans. Pour into prepared pan.
Bake in the preheated oven for 40 to 50 minutes, or until a toothpick inserted into the center of the cake comes out clean. Let cool in pan for 10 minutes, then turn out onto a wire rack and cool completely.
To Make Frosting: In a medium bowl, combine butter, cream cheese, confectioners' sugar and 1 teaspoon vanilla. Beat until the mixture is smooth and creamy. Stir in chopped pecans. Frost the cooled cake.
"
"['10 cups all-purpose apples, peeled, cored and sliced ', '1 cup white sugar ', '1 tablespoon all-purpose flour ', '1 teaspoon ground cinnamon ', '1/2 cup water ', '1 cup quick-cooking oats ', '1 cup all-purpose flour ', '1 cup packed brown sugar ', '1/4 teaspoon baking powder ', '1/4 teaspoon baking soda ', '1/2 cup butter, melted ', '']","Preheat oven to 350 degrees F (175 degree ).
Place the sliced apples in a 9x13 inch pan. Mix the white sugar, 1 tablespoon flour and ground cinnamon together, and sprinkle over apples. Pour water evenly over all.
Combine the oats, 1 cup flour, brown sugar, baking powder, baking soda and melted butter together. Crumble evenly over the apple mixture.
Bake at 350 degrees F (175 degrees ) for about 45 minutes.
"
"['2 cups warm water (110 degrees F/45 degrees ) ', '2/3 cup white sugar ', '1 1/2 tablespoons active dry yeast ', '1 1/2 teaspoons salt ', '1/4 cup vegetable oil ', '6 cups bread flour ', '']","In a large bowl, dissolve the sugar in warm water, and then stir in yeast. Allow to proof until yeast resembles a creamy foam.
Mix salt and oil into the yeast. Mix in flour one cup at a time. Knead dough on a lightly floured surface until smooth. Place in a well oiled bowl, and turn dough to coat. Cover with a damp cloth. Allow to rise until doubled in bulk, about 1 hour.
Punch dough down. Knead for a few minutes, and divide in half. Shape into loaves, and place into two well oiled 9x5 inch loaf pans. Allow to rise for 30 minutes, or until dough has risen 1 inch above pans.
Bake at 350 degrees F (175 degrees ) for 30 minutes.
"
"['4 russet potatoes, sliced into 1/4 inch slices ', '1 onion, sliced into rings ', 'salt and pepper to taste ', '3 tablespoons butter ', '3 tablespoons all-purpose flour ', '1/2 teaspoon salt ', '2 cups milk ', '1 1/2 cups shredded Cheddar cheese ', '']","Preheat oven to 400 degrees F (200 degrees ). Butter a 1 quart casserole dish.
Layer 1/2 of the potatoes into bottom of the prepared casserole dish. Top with the onion slices, and add the remaining potatoes. Season with salt and pepper to taste.
In a medium-size saucepan, melt butter over medium heat. Mix in the flour and salt, and stir constantly with a whisk for one minute. Stir in milk. Cook until mixture has thickened. Stir in cheese all at once, and continue stirring until melted, about 30 to 60 seconds. Pour cheese over the potatoes, and cover the dish with aluminum foil.
Bake 1 1/2 hours in the preheated oven.
"
"['1/4 cup olive oil ', '2 cloves garlic, crushed ', '1/4 cup Italian-seasoned bread crumbs ', '1/4 cup grated Parmesan cheese ', '4 skinless, boneless chicken breast halves ', '']","Preheat oven to 425 degrees F (220 degrees ).
Heat olive oil and garlic in a small saucepan over low heat until warmed, 1 to 2 minutes. Transfer garlic and oil to a shallow bowl.
Combine bread crumbs and Parmesan cheese in a separate shallow bowl.
Dip chicken breasts in the olive oil-garlic mixture using tongs; transfer to bread crumb mixture and turn to evenly coat. Transfer coated chicken to a shallow baking dish.
Bake in the preheated oven until no longer pink and juices run clear, 30 to 35 minutes. An instant-read thermometer inserted into the center should read at least 165 degrees F (74 degrees ).
"
"['1 1/2 pounds salmon fillets ', 'lemon pepper to taste ', 'garlic powder to taste ', 'salt to taste ', '1/3 cup soy sauce ', '1/3 cup brown sugar ', '1/3 cup water ', '1/4 cup vegetable oil ', '']","Season salmon fillets with lemon pepper, garlic powder, and salt.
In a small bowl, stir together soy sauce, brown sugar, water, and vegetable oil until sugar is dissolved. Place fish in a large resealable plastic bag with the soy sauce mixture, seal, and turn to coat. Refrigerate for at least 2 hours.
Preheat grill for medium heat.
Lightly oil grill grate. Place salmon on the preheated grill, and discard marinade. Cook salmon for 6 to 8 minutes per side, or until the fish flakes easily with a fork.
"
"['2 (10 ounce) cans chunk chicken, drained ', '2 (8 ounce) packages cream cheese, softened ', '1 cup Ranch dressing ', ""3/4 cup pepper sauce (such as Frank's Red Hot®) "", '1 1/2 cups shredded Cheddar cheese ', '1 bunch celery, cleaned and cut into 4 inch pieces ', '1 (8 ounce) box chicken-flavored crackers ', '']","Heat chicken and hot sauce in a skillet over medium heat, until heated through. Stir in cream cheese and ranch dressing. Cook, stirring until well blended and warm. Mix in half of the shredded cheese, and transfer the mixture to a slow cooker. Sprinkle the remaining cheese over the top, cover, and cook on Low setting until hot and bubbly. Serve with celery sticks and crackers.
"
"['4 skinless, boneless chicken breast halves ', '4 teaspoons taco seasoning mix ', '1 cup salsa ', '1 cup shredded Cheddar cheese ', '2 tablespoons sour cream (optional) ', '']","Preheat oven to 375 degrees F (190 degrees )
Place chicken breasts in a lightly greased 9x13 inch baking dish. Sprinkle taco seasoning on both sides of chicken breasts, and pour salsa over all.
Bake at 375 degrees F (190 degrees ) for 25 to 35 minutes, or until chicken is tender and juicy and its juices run clear.
Sprinkle chicken evenly with cheese, and continue baking for an additional 3 to 5 minutes, or until cheese is melted and bubbly. Top with sour cream if desired, and serve.
"
"['1/2 cup butter ', '1 (8 ounce) package cream cheese ', '2 teaspoons garlic powder ', '2 cups milk ', '6 ounces grated Parmesan cheese ', '1/8 teaspoon ground black pepper ', '']","Melt butter in a medium, non-stick saucepan over medium heat. Add cream cheese and garlic powder, stirring with wire whisk until smooth. Add milk, a little at a time, whisking to smooth out lumps. Stir in Parmesan and pepper. Remove from heat when sauce reaches desired consistency. Sauce will thicken rapidly, thin with milk if cooked too long. Toss with hot pasta to serve.
"
"['1 cup butter, softened ', '1 cup packed light brown sugar ', '1/2 cup white sugar ', '2 eggs ', '2 teaspoons vanilla extract ', '1 1/4 cups all-purpose flour ', '1/2 teaspoon baking soda ', '1 teaspoon salt ', '3 cups quick-cooking oats ', '1 cup chopped walnuts ', '1 cup semisweet chocolate chips ', '']","Preheat the oven to 325 degrees F (165 degrees ).
In a large bowl, cream together the butter, brown sugar, and white sugar until smooth. Beat in eggs one at a time, then stir in vanilla. Combine the flour, baking soda, and salt; stir into the creamed mixture until just blended. Mix in the quick oats, walnuts, and chocolate chips. Drop by heaping spoonfuls onto ungreased baking sheets.
Bake for 12 minutes in the preheated oven. Allow cookies to cool on baking sheet for 5 minutes before transferring to a wire rack to cool completely.
"
"['1/4 cup all-purpose flour for coating ', '1/2 teaspoon salt ', '1/4 teaspoon ground black pepper ', '1/2 teaspoon dried oregano ', '4 skinless, boneless chicken breast halves - pounded 1/4 inch thick ', '4 tablespoons butter ', '4 tablespoons olive oil ', '1 cup sliced mushrooms ', '1/2 cup Marsala wine ', '1/4 cup cooking sherry ', '']","In a shallow dish or bowl, mix together the flour, salt, pepper and oregano. Coat chicken pieces in flour mixture.
In a large skillet, melt butter in oil over medium heat. Place chicken in the pan, and lightly brown. Turn over chicken pieces, and add mushrooms. Pour in wine and sherry. Cover skillet; simmer chicken 10 minutes, turning once, until no longer pink and juices run clear.
"
"['1 pound shredded, cooked chicken ', '1 (15 ounce) can whole peeled tomatoes, mashed ', '1 (10 ounce) can enchilada sauce ', '1 medium onion, chopped ', '1 (4 ounce) can chopped green chile peppers ', '2 cloves garlic, minced ', '2 cups water ', '1 (14.5 ounce) can chicken broth ', '1 teaspoon cumin ', '1 teaspoon chili powder ', '1 teaspoon salt ', '1/4 teaspoon black pepper ', '1 bay leaf ', '1 (10 ounce) package frozen corn ', '1 tablespoon chopped cilantro ', '7 corn tortillas ', 'vegetable oil ', '']","Place chicken, tomatoes, enchilada sauce, onion, green chiles, and garlic into a slow cooker. Pour in water and chicken broth, and season with cumin, chili powder, salt, pepper, and bay leaf. Stir in corn and cilantro. Cover, and cook on Low setting for 6 to 8 hours or on High setting for 3 to 4 hours.
Preheat oven to 400 degrees F (200 degrees ).
Lightly brush both sides of tortillas with oil. Cut tortillas into strips, then spread on a baking sheet.
Bake in preheated oven until crisp, about 10 to 15 minutes. To serve, sprinkle tortilla strips over soup.
"
"['3/4 cup uncooked white rice ', '2 cups milk, divided ', '1/3 cup white sugar ', '1/4 teaspoon salt ', '1 egg, beaten ', '2/3 cup golden raisins ', '1 tablespoon butter ', '1/2 teaspoon vanilla extract ', '']","Bring 1 1/2 cups water to a boil in a saucepan; stir rice into boiling water. Reduce heat to low, cover, and simmer for 20 minutes.
In a clean saucepan, combine 1 1/2 cups cooked rice, 1 1/2 cups milk, sugar and salt. Cook over medium heat until thick and creamy, 15 to 20 minutes. Stir in remaining 1/2 cup milk, beaten egg, and raisins; cook 2 minutes more, stirring constantly. Remove from heat and stir in butter and vanilla.
"
"['1/4 cup white sugar ', '1 teaspoon ground cinnamon ', '3/4 cup butter ', '3 cups white sugar ', '3 eggs ', '6 very ripe bananas, mashed ', '1 (16 ounce) container sour cream ', '2 teaspoons vanilla extract ', '2 teaspoons ground cinnamon ', '1/2 teaspoon salt ', '3 teaspoons baking soda ', '4 1/2 cups all-purpose flour ', '1 cup chopped walnuts (optional) ', '']","Preheat oven to 300 degrees F (150 degrees ). Grease four 7x3 inch loaf pans. In a small bowl, stir together 1/4 cup white sugar and 1 teaspoon cinnamon. Dust pans lightly with cinnamon and sugar mixture.
In a large bowl, cream butter and 3 cups sugar. Mix in eggs, mashed bananas, sour cream, vanilla and cinnamon. Mix in salt, baking soda and flour. Stir in nuts. Divide into prepared pans.
Bake for 1 hour, until a toothpick inserted in center comes out clean.
"
"['1 teaspoon vegetable oil ', '1 onion, chopped ', '3 cloves garlic, chopped ', '3/4 cup quinoa ', '1 1/2 cups vegetable broth ', '1 teaspoon ground cumin ', '1/4 teaspoon cayenne pepper ', 'salt and ground black pepper to taste ', '1 cup frozen corn kernels ', '2 (15 ounce) cans black beans, rinsed and drained ', '1/2 cup chopped fresh cilantro ', '']","Heat oil in a saucepan over medium heat; cook and stir onion and garlic until lightly browned, about 10 minutes.
Mix quinoa into onion mixture and cover with vegetable broth; season with cumin, cayenne pepper, salt, and pepper. Bring the mixture to a boil. Cover, reduce heat, and simmer until quinoa is tender and broth is absorbed, about 20 minutes.
Stir frozen corn into the saucepan, and continue to simmer until heated through, about 5 minutes; mix in the black beans and cilantro.
"
"['1 1/2 pounds ground beef ', '1 egg ', '1 onion, chopped ', '1 cup milk ', '1 cup dried bread crumbs ', 'salt and pepper to taste ', '2 tablespoons brown sugar ', '2 tablespoons prepared mustard ', '1/3 cup ketchup ', '']","Preheat oven to 350 degrees F (175 degrees ).
In a large bowl, combine the beef, egg, onion, milk and bread OR cracker crumbs. Season with salt and pepper to taste and place in a lightly greased 5x9 inch loaf pan, OR form into a loaf and place in a lightly greased 9x13 inch baking dish.
In a separate small bowl, combine the brown sugar, mustard and ketchup. Mix well and pour over the meatloaf.
Bake at 350 degrees F (175 degrees ) for 1 hour.
"
"['2 kiwis, peeled and diced ', '2 Golden Delicious apples - peeled, cored and diced ', '8 ounces raspberries ', '1 pound strawberries ', '2 tablespoons white sugar ', '1 tablespoon brown sugar ', '3 tablespoons fruit preserves, any flavor ', '10 (10 inch) flour tortillas ', 'butter flavored cooking spray ', '2 tablespoons cinnamon sugar ', '']","In a large bowl, thoroughly mix kiwis, Golden Delicious apples, raspberries, strawberries, white sugar, brown sugar and fruit preserves. Cover and chill in the refrigerator at least 15 minutes.
Preheat oven to 350 degrees F (175 degrees ).
Coat one side of each flour tortilla with butter flavored cooking spray. Cut into wedges and arrange in a single layer on a large baking sheet. Sprinkle wedges with desired amount of cinnamon sugar. Spray again with cooking spray.
Bake in the preheated oven 8 to 10 minutes. Repeat with any remaining tortilla wedges. Allow to cool approximately 15 minutes. Serve with chilled fruit mixture.
"
"['1 tablespoon butter ', '1/2 cup chopped green onions ', '1/2 teaspoon garlic powder ', '1 (4 ounce) can diced green chiles ', '1 (10.75 ounce) can condensed cream of mushroom soup ', '1/2 cup sour cream ', '1 1/2 cups cubed cooked chicken breast meat ', '1 cup shredded Cheddar cheese, divided ', '6 (12 inch) flour tortillas ', '1/4 cup milk ', '']","Preheat oven to 350 degrees F (175 degrees ). Lightly grease a large baking dish.
In a medium saucepan over medium heat, melt the butter and saute the green onion until tender (about 3 to 4 minutes). Add the garlic powder, then stir in the green chiles, cream of mushroom soup and sour cream. Mix well. Reserve 3/4 of this sauce and set aside. To the remaining 1/4 of the sauce in the saucepan, add the chicken and 1/2 cup of shredded Cheddar cheese. Stir together.
Fill each flour tortilla with the chicken mixture and roll up. Place seam side down in the prepared baking dish.
In a small bowl combine the reserved 3/4 of the sauce with the milk. Spoon this mixture over the rolled tortillas and top with the remaining 1/2 cup of shredded Cheddar cheese. Bake in the preheated oven for 30 to 35 minutes, or until cheese is bubbly.
"
"['1 (2 pound) pork tenderloin ', '1 (12 fluid ounce) can or bottle root beer ', '1 (18 ounce) bottle your favorite barbecue sauce ', '8 hamburger buns, split and lightly toasted ', '']","Place the pork tenderloin in a slow cooker; pour the root beer over the meat. Cover and cook on low until well cooked and the pork shreds easily, 6 to 7 hours. Note: the actual length of time may vary according to individual slow cooker. Drain well. Stir in barbecue sauce. Serve over hamburger buns.
"
"['2 (8 ounce) packages cream cheese, softened ', '1/2 cup butter, softened ', ""2 cups sifted confectioners' sugar "", '1 teaspoon vanilla extract ', '']","In a medium bowl, cream together the cream cheese and butter until creamy. Mix in the vanilla, then gradually stir in the confectioners' sugar. Store in the refrigerator after use.
"
"['1/2 cup butter, softened ', '1/2 cup butter flavored shortening ', '1 cup packed light brown sugar ', '1/2 cup white sugar ', '2 eggs ', '1 teaspoon vanilla extract ', '1 1/2 cups all-purpose flour ', '1 teaspoon baking soda ', '1 teaspoon ground cinnamon ', '1/2 teaspoon ground cloves ', '1/2 teaspoon salt ', '3 cups rolled oats ', '1 cup raisins ', '']","Preheat oven to 350 degrees F (175 degrees ).
In a large bowl, cream together the butter, butter flavored shortening, brown sugar, white sugar, eggs, and vanilla until smooth. Combine the flour, baking soda, cinnamon, cloves, and salt; stir into the sugar mixture. Stir in the oats and raisins. Drop by rounded teaspoonfuls onto ungreased cookie sheets.
Bake 10 to 12 minutes until light and golden. Do not overbake. Let them cool for 2 minutes before removing from cookie sheets to cool completely. Store in airtight container. Make sure you get some, because they don't last long!
"
"['1/4 cup maple syrup ', '2 tablespoons soy sauce ', '1 clove garlic, minced ', '1/4 teaspoon garlic salt ', '1/8 teaspoon ground black pepper ', '1 pound salmon ', '']","In a small bowl, mix the maple syrup, soy sauce, garlic, garlic salt, and pepper.
Place salmon in a shallow glass baking dish, and coat with the maple syrup mixture. Cover the dish, and marinate salmon in the refrigerator 30 minutes, turning once.
Preheat oven to 400 degrees F (200 degrees ).
Place the baking dish in the preheated oven, and bake salmon uncovered 20 minutes, or until easily flaked with a fork.
"
"['2 pounds beef stew meat, cut into 1 inch cubes ', '1/4 cup all-purpose flour ', '1/2 teaspoon salt ', '1/2 teaspoon ground black pepper ', '1 clove garlic, minced ', '1 bay leaf ', '1 teaspoon paprika ', '1 teaspoon Worcestershire sauce ', '1 onion, chopped ', '1 1/2 cups beef broth ', '3 potatoes, diced ', '4 carrots, sliced ', '1 stalk celery, chopped ', '']","Place meat in slow cooker. In a small bowl mix together the flour, salt, and pepper; pour over meat, and stir to coat meat with flour mixture. Stir in the garlic, bay leaf, paprika, Worcestershire sauce, onion, beef broth, potatoes, carrots, and celery.
Cover, and cook on Low setting for 10 to 12 hours, or on High setting for 4 to 6 hours.
"
"['1 cup butter, melted ', '3 cups white sugar ', '1 tablespoon vanilla extract ', '4 eggs ', '1 1/2 cups all-purpose flour ', '1 cup unsweetened cocoa powder ', '1 teaspoon salt ', '1 cup semisweet chocolate chips ', '']","Preheat oven to 350 degrees F (175 degrees ). Lightly grease a 9x13 baking dish.
Combine the melted butter, sugar, and vanilla in a large bowl. Beat in the eggs, one at a time, mixing well after each, until thoroughly blended.
Sift the flour, cocoa powder, and salt in a bowl. Gradually stir flour mixture into the egg mixture until blended. Stir in the chocolate morsels. Spread the batter evenly into the prepared baking dish.
Bake in preheated oven until an inserted toothpick comes out clean, 35 to 40 minutes. Remove, and cool pan on wire rack before cutting.
"
"['1/4 cup all-purpose flour ', '1 cup milk ', '1 pinch salt ', '3 eggs ', '1/2 teaspoon ground cinnamon ', '1 teaspoon vanilla extract ', '1 tablespoon white sugar ', '12 thick slices bread ', '']","Measure flour into a large mixing bowl. Slowly whisk in the milk. Whisk in the salt, eggs, cinnamon, vanilla extract and sugar until smooth.
Heat a lightly oiled griddle or frying pan over medium heat.
Soak bread slices in mixture until saturated. Cook bread on each side until golden brown. Serve hot.
"
"['1 pound cubed beef stew meat ', '1 (10.75 ounce) can condensed golden mushroom soup ', '1/2 cup chopped onion ', '1 tablespoon Worcestershire sauce ', '1/4 cup water ', '4 ounces cream cheese ', '']","In a slow cooker, combine the meat, soup, onion, Worcestershire sauce and water.
Cook on Low setting for 8 hours, or on High setting for about 5 hours. Stir in cream cheese just before serving.
"
"['1 cup butter, softened ', '1 cup white sugar ', '1 cup packed brown sugar ', '2 eggs ', '1 teaspoon vanilla extract ', '2 cups all-purpose flour ', '1 teaspoon baking soda ', '1 teaspoon salt ', '1 1/2 teaspoons ground cinnamon ', '3 cups quick cooking oats ', '']","In a medium bowl, cream together butter, white sugar, and brown sugar. Beat in eggs one at a time, then stir in vanilla. Combine flour, baking soda, salt, and cinnamon; stir into the creamed mixture. Mix in oats. Cover, and chill dough for at least one hour.
Preheat the oven to 375 degrees F (190 degrees ). Grease cookie sheets. Roll the dough into walnut sized balls, and place 2 inches apart on cookie sheets. Flatten each cookie with a large fork dipped in sugar.
Bake for 8 to 10 minutes in preheated oven. Allow cookies to cool on baking sheet for 5 minutes before transferring to a wire rack to cool completely.
"
"['4 teaspoons salt ', '2 teaspoons paprika ', '1 teaspoon onion powder ', '1 teaspoon dried thyme ', '1 teaspoon white pepper ', '1/2 teaspoon cayenne pepper ', '1/2 teaspoon black pepper ', '1/2 teaspoon garlic powder ', '2 onions, quartered ', '2 (4 pound) whole chickens ', '']","In a small bowl, mix together salt, paprika, onion powder, thyme, white pepper, black pepper, cayenne pepper, and garlic powder. Remove and discard giblets from chicken. Rinse chicken cavity, and pat dry with paper towel. Rub each chicken inside and out with spice mixture. Place 1 onion into the cavity of each chicken. Place chickens in a resealable bag or double wrap with plastic wrap. Refrigerate overnight, or at least 4 to 6 hours.
Preheat oven to 250 degrees F (120 degrees ).
Place chickens in a roasting pan. Bake uncovered for 5 hours, to a minimum internal temperature of 180 degrees F (85 degrees ). Let the chickens stand for 10 minutes before carving.
"
"['1 (10.5 ounce) can condensed French onion soup ', '1 1/2 pounds ground beef ', '1/2 cup dry bread crumbs ', '1 egg ', '1/4 teaspoon salt ', '1/8 teaspoon ground black pepper ', '1 tablespoon all-purpose flour ', '1/4 cup ketchup ', '1/4 cup water ', '1 tablespoon Worcestershire sauce ', '1/2 teaspoon mustard powder ', '']","In a large bowl, mix together 1/3 cup condensed French onion soup with ground beef, bread crumbs, egg, salt and black pepper. Shape into 6 oval patties.
In a large skillet over medium-high heat, brown both sides of patties. Pour off excess fat.
In a small bowl, blend flour and remaining soup until smooth. Mix in ketchup, water, Worcestershire sauce and mustard powder. Pour over meat in skillet. Cover, and cook for 20 minutes, stirring occasionally.
"
"['6 skinless, boneless chicken breast halves ', '1 teaspoon garlic salt ', 'ground black pepper to taste ', '2 tablespoons olive oil ', '1 onion, thinly sliced ', '1 (14.5 ounce) can diced tomatoes ', '1/2 cup balsamic vinegar ', '1 teaspoon dried basil ', '1 teaspoon dried oregano ', '1 teaspoon dried rosemary ', '1/2 teaspoon dried thyme ', '']","Season both sides of chicken breasts with garlic salt and pepper.
Heat olive oil in a skillet over medium heat; cook seasoned chicken breasts until chicken is browned, 3 to 4 minutes per side. Add onion; cook and stir until onion is browned, 3 to 4 minutes.
Pour diced tomatoes and balsamic vinegar over chicken; season with basil, oregano, rosemary and thyme. Simmer until chicken is no longer pink and the juices run clear, about 15 minutes. An instant-read thermometer inserted into the center should read at least 165 degrees F (74 degrees ).
"
"['1 tablespoon butter ', '3/4 cup almonds, blanched and slivered ', '1 pound spinach, rinsed and torn into bite-size pieces ', '1 cup dried cranberries ', '2 tablespoons toasted sesame seeds ', '1 tablespoon poppy seeds ', '1/2 cup white sugar ', '2 teaspoons minced onion ', '1/4 teaspoon paprika ', '1/4 cup white wine vinegar ', '1/4 cup cider vinegar ', '1/2 cup vegetable oil ', '']","In a medium saucepan, melt butter over medium heat. Cook and stir almonds in butter until lightly toasted. Remove from heat, and let cool.
In a medium bowl, whisk together the sesame seeds, poppy seeds, sugar, onion, paprika, white wine vinegar, cider vinegar, and vegetable oil. Toss with spinach just before serving.
In a large bowl, combine the spinach with the toasted almonds and cranberries.
"
"['12 whole fresh mushrooms ', '1 tablespoon vegetable oil ', '1 tablespoon minced garlic ', '1 (8 ounce) package cream cheese, softened ', '1/4 cup grated Parmesan cheese ', '1/4 teaspoon ground black pepper ', '1/4 teaspoon onion powder ', '1/4 teaspoon ground cayenne pepper ', '']","Preheat oven to 350 degrees F (175 degrees ). Spray a baking sheet with cooking spray. Clean mushrooms with a damp paper towel. Carefully break off stems. Chop stems extremely fine, discarding tough end of stems.
Heat oil in a large skillet over medium heat. Add garlic and chopped mushroom stems to the skillet. Fry until any moisture has disappeared, taking care not to burn garlic. Set aside to cool.
When garlic and mushroom mixture is no longer hot, stir in cream cheese, Parmesan cheese, black pepper, onion powder and cayenne pepper. Mixture should be very thick. Using a little spoon, fill each mushroom cap with a generous amount of stuffing. Arrange the mushroom caps on prepared cookie sheet.
Bake for 20 minutes in the preheated oven, or until the mushrooms are piping hot and liquid starts to form under caps.
"
"['1/2 cup olive oil ', '1/2 cup ranch dressing ', '3 tablespoons Worcestershire sauce ', '1 tablespoon minced fresh rosemary ', '2 teaspoons salt ', '1 teaspoon lemon juice ', '1 teaspoon white vinegar ', '1/4 teaspoon ground black pepper, or to taste ', '1 tablespoon white sugar, or to taste (optional) ', '5 skinless, boneless chicken breast halves - cut into 1 inch cubes ', '']","In a medium bowl, stir together the olive oil, ranch dressing, Worcestershire sauce, rosemary, salt, lemon juice, white vinegar, pepper, and sugar. Let stand for 5 minutes. Place chicken in the bowl, and stir to coat with the marinade. Cover and refrigerate for 30 minutes.
Preheat the grill for medium-high heat. Thread chicken onto skewers and discard marinade.
Lightly oil the grill grate. Grill skewers for 8 to 12 minutes, or until the chicken is no longer pink in the center, and the juices run clear.
"
"['2 cups all-purpose flour ', '1 tablespoon baking powder ', '1 teaspoon salt ', '1 tablespoon white sugar ', '1/3 cup shortening ', '1 cup milk ', '']","Preheat oven to 425 degrees F (220 degrees ).
In a large bowl, whisk together the flour, baking powder, salt, and sugar. Cut in the shortening until the mixture resembles coarse meal. Gradually stir in milk until dough pulls away from the side of the bowl.
Turn out onto a floured surface, and knead 15 to 20 times. Pat or roll dough out to 1 inch thick. Cut biscuits with a large cutter or juice glass dipped in flour. Repeat until all dough is used. Brush off the excess flour, and place biscuits onto an ungreased baking sheet.
Bake for 13 to 15 minutes in the preheated oven, or until edges begin to brown.
"
"['4 skinless, boneless chicken breast halves - cubed ', '1/8 cup margarine ', '1 (.7 ounce) package dry Italian-style salad dressing mix ', '1 (8 ounce) package cream cheese ', '1 (10.75 ounce) can condensed cream of chicken soup ', '']","Put chicken, margarine and dressing mix in slow cooker; mix together and cook on low for 5 to 6 hours.
Add cream cheese and soup, mix together and cook on high for another 1/2 hour or until heated through and warm.
"
"['4 pounds rump roast ', '1 (10.5 ounce) can beef broth ', '1 (10.5 ounce) can condensed French onion soup ', '1 (12 fluid ounce) can or bottle beer ', '6 French rolls ', '2 tablespoons butter ', '']","Trim excess fat from the rump roast, and place in a slow cooker. Add the beef broth, onion soup and beer. Cook on Low setting for 7 hours.
Preheat oven to 350 degrees F (175 degrees ).
Split French rolls, and spread with butter. Bake 10 minutes, or until heated through.
Slice the meat on the diagonal, and place on the rolls. Serve the sauce for dipping.
"
"['1 3/4 cups all-purpose flour ', '1/2 teaspoon salt ', '1 teaspoon baking soda ', '1/2 cup butter, softened ', '1/2 cup white sugar ', '1/2 cup peanut butter ', '1/2 cup packed brown sugar ', '1 egg, beaten ', '1 teaspoon vanilla extract ', '2 tablespoons milk ', '40 miniature chocolate covered peanut butter cups, unwrapped ', '']","Preheat oven to 375 degrees F (190 degrees ). Sift together the flour, salt and baking soda; set aside.
Cream together the butter, sugar, peanut butter and brown sugar until fluffy. Beat in the egg, vanilla and milk. Add the flour mixture; mix well. Shape into 40 balls and place each into an ungreased mini muffin pan.
Bake at 375 degrees for about 8 minutes. Remove from oven and immediately press a mini peanut butter cup into each ball. Cool and carefully remove from pan.
"
"['2 1/2 cups all-purpose flour ', '1 teaspoon baking powder ', '1 teaspoon baking soda ', '2 teaspoons ground cinnamon ', '1/2 teaspoon ground nutmeg ', '1/2 teaspoon ground cloves ', '1/2 teaspoon salt ', '1/2 cup butter, softened ', '1 1/2 cups white sugar ', '1 cup canned pumpkin puree ', '1 egg ', '1 teaspoon vanilla extract ', ""2 cups confectioners' sugar "", '3 tablespoons milk ', '1 tablespoon melted butter ', '1 teaspoon vanilla extract ', '']","Preheat oven to 350 degrees F (175 degrees ). Combine flour, baking powder, baking soda, cinnamon, nutmeg, ground cloves, and salt; set aside.
In a medium bowl, cream together the 1/2 cup of butter and white sugar. Add pumpkin, egg, and 1 teaspoon vanilla to butter mixture, and beat until creamy. Mix in dry ingredients. Drop on cookie sheet by tablespoonfuls; flatten slightly.
Bake for 15 to 20 minutes in the preheated oven. Cool cookies, then drizzle glaze with fork.
To Make Glaze: Combine confectioners' sugar, milk, 1 tablespoon melted butter, and 1 teaspoon vanilla. Add milk as needed, to achieve drizzling consistency.
"
"['2 pounds ground beef ', '1 onion, chopped ', '2 teaspoons minced garlic ', '1 (2 ounce) can black olives, sliced ', '1 (4 ounce) can diced green chili peppers ', '1 (10 ounce) can diced tomatoes with green chile peppers ', '1 (16 ounce) jar taco sauce ', '2 (16 ounce) cans refried beans ', '12 (8 inch) flour tortillas ', '9 ounces shredded Colby cheese ', '']","Preheat oven to 350 degrees F (175 degrees ).
In a large skillet over medium heat, saute the ground beef for 5 minutes. Add the onion and garlic, and saute for 5 more minutes. Drain any excess fat, if desired. Mix in the olives, green chile peppers, tomatoes with green chile peppers, taco sauce and refried beans. Stir mixture thoroughly, reduce heat to low, and let simmer for 15 to 20 minutes.
Spread a thin layer of the meat mixture in the bottom of a 4 quart casserole dish. Cover with a layer of tortillas followed by more meat mixture, then a layer of cheese. Repeat tortilla, meat, cheese pattern until all the tortillas are used, topping off with a layer of meat mixture and cheese.
Bake for 20 to 30 minutes in the preheated oven, or until cheese is slightly brown and bubbly.
"
"['1 tablespoon brown sugar ', '2 tablespoons honey ', '1/4 cup soy sauce ', '2 teaspoons chopped fresh ginger root ', '2 teaspoons chopped garlic ', '2 tablespoons hot sauce ', 'salt and pepper to taste ', '4 skinless, boneless chicken breast halves - cut into 1/2 inch strips ', '1 tablespoon vegetable oil ', '']","Mix together brown sugar, honey, soy sauce, ginger, garlic and hot sauce in a small bowl.
Lightly salt and pepper the chicken strips.
Heat oil in a large skillet over medium heat. Add chicken strips and brown on both sides, about 1 minute per side. Pour the sauce over the chicken. Simmer uncovered until the sauce thickens, 8 to 10 minutes.
"
"['2 1/4 teaspoons active dry yeast ', '1/2 teaspoon brown sugar ', '1 1/2 cups warm water (110 degrees F/45 degrees ) ', '1 teaspoon salt ', '2 tablespoons olive oil ', '3 1/3 cups all-purpose flour ', '']","In a large bowl, dissolve the yeast and brown sugar in the water, and let sit for 10 minutes.
Stir the salt and oil into the yeast solution. Mix in 2 1/2 cups of the flour.
Turn dough out onto a clean, well floured surface, and knead in more flour until the dough is no longer sticky. Place the dough into a well oiled bowl, and cover with a cloth. Let the dough rise until double; this should take about 1 hour. Punch down the dough, and form a tight ball. Allow the dough to relax for a minute before rolling out. Use for your favorite pizza recipe.
Preheat oven to 425 degrees F (220 degrees ). If you are baking the dough on a pizza stone, you may place your toppings on the dough, and bake immediately. If you are baking your pizza in a pan, lightly oil the pan, and let the dough rise for 15 or 20 minutes before topping and baking it.
Bake pizza in preheated oven, until the cheese and crust are golden brown, about 15 to 20 minutes.
"
"['6 skinless, boneless chicken breast halves ', '1/4 cup butter ', '1 (.7 ounce) package dry Italian-style salad dressing mix ', '1/2 cup white wine ', '1 (10.75 ounce) can condensed golden mushroom soup ', '4 ounces cream cheese with chives ', '1 pound angel hair pasta ', '']","Preheat oven to 325 degrees F (165 degrees ).
In a large saucepan, melt butter over low heat. Stir in the package of dressing mix. Blend in wine and golden mushroom soup. Mix in cream cheese, and stir until smooth. Heat through, but do not boil. Arrange chicken breasts in a single layer in a 9x13 inch baking dish. Pour sauce over.
Bake for 60 minutes in the preheated oven. Twenty minutes before the chicken is done, bring a large pot of lightly salted water to a rolling boil. Cook pasta until al dente, about 5 minutes. Drain. Serve chicken and sauce over pasta.
"
"['2 (8 ounce) packages cream cheese, softened ', '1 cup mayonnaise ', '1 (4 ounce) can chopped green chilies, drained ', '2 ounces canned diced jalapeno peppers, drained ', '1 cup grated Parmesan cheese ', '']","Stir together cream cheese and mayonnaise in a large bowl until smooth. Stir in green chiles and jalapeno peppers. Pour mixture into a microwave safe serving dish, and sprinkle with Parmesan cheese.
Microwave on High until hot, about 3 minutes.
"
"['3 cups all-purpose flour ', '3 tablespoons white sugar ', '3 teaspoons baking powder ', '1 1/2 teaspoons baking soda ', '3/4 teaspoon salt ', '3 cups buttermilk ', '1/2 cup milk ', '3 eggs ', '1/3 cup butter, melted ', '']","In a large bowl, combine flour, sugar, baking powder, baking soda, and salt. In a separate bowl, beat together buttermilk, milk, eggs and melted butter. Keep the two mixtures separate until you are ready to cook.
Heat a lightly oiled griddle or frying pan over medium high heat. You can flick water across the surface and if it beads up and sizzles, it's ready!
Pour the wet mixture into the dry mixture, using a wooden spoon or fork to blend. Stir until it's just blended together. Do not over stir! Pour or scoop the batter onto the griddle, using approximately 1/2 cup for each pancake. Brown on both sides and serve hot.
"
"['1 cup butter, softened ', '1 1/2 cups white sugar ', '2 eggs ', '2 teaspoons vanilla extract ', '2 cups all-purpose flour ', '2/3 cup cocoa powder ', '3/4 teaspoon baking soda ', '1/4 teaspoon salt ', '2 cups semisweet chocolate chips ', '1/2 cup chopped walnuts (optional) ', '']","Preheat oven to 350 degrees F (175 degrees ).
In large bowl, beat butter, sugar, eggs, and vanilla until light and fluffy. Combine the flour, cocoa, baking soda, and salt; stir into the butter mixture until well blended. Mix in the chocolate chips and walnuts. Drop by rounded teaspoonfuls onto ungreased cookie sheets.
Bake for 8 to 10 minutes in the preheated oven, or just until set. Cool slightly on the cookie sheets before transferring to wire racks to cool completely.
"
"['1 (12 ounce) package bow tie pasta ', '2 tablespoons olive oil ', '1 pound sweet Italian sausage, casings removed and crumbled ', '1/2 teaspoon red pepper flakes ', '1/2 cup diced onion ', '3 cloves garlic, minced ', '1 (28 ounce) can Italian-style plum tomatoes, drained and coarsely chopped ', '1 1/2 cups heavy cream ', '1/2 teaspoon salt ', '3 tablespoons minced fresh parsley ', '']","Bring a large pot of lightly salted water to a boil. Cook pasta in boiling water for 8 to 10 minutes, or until al dente; drain.
Heat oil in a large, deep skillet over medium heat. Cook sausage and pepper flakes until sausage is evenly brown. Stir in onion and garlic, and cook until onion is tender. Stir in tomatoes, cream, and salt. Simmer until mixture thickens, 8 to 10 minutes.
Stir cooked pasta into sauce, and heat through. Sprinkle with parsley.
"
"['1 1/2 pounds Brussels sprouts, ends trimmed and yellow leaves removed ', '3 tablespoons olive oil ', '1 teaspoon kosher salt ', '1/2 teaspoon freshly ground black pepper ', '']","Preheat oven to 400 degrees F (205 degrees ).
Place trimmed Brussels sprouts, olive oil, kosher salt, and pepper in a large resealable plastic bag. Seal tightly, and shake to coat. Pour onto a baking sheet, and place on center oven rack.
Roast in the preheated oven for 30 to 45 minutes, shaking pan every 5 to 7 minutes for even browning. Reduce heat when necessary to prevent burning. Brussels sprouts should be darkest brown, almost black, when done. Adjust seasoning with kosher salt, if necessary. Serve immediately.
"
"['2 eggs ', '2 cups all-purpose flour ', '1 3/4 cups milk ', '1/2 cup vegetable oil ', '1 tablespoon white sugar ', '4 teaspoons baking powder ', '1/4 teaspoon salt ', '1/2 teaspoon vanilla extract ', '']","Preheat waffle iron. Beat eggs in large bowl with hand beater until fluffy. Beat in flour, milk, vegetable oil, sugar, baking powder, salt and vanilla, just until smooth.
Spray preheated waffle iron with non-stick cooking spray. Pour mix onto hot waffle iron. Cook until golden brown. Serve hot.
"
"['1/4 cup butter ', '1 cup heavy cream ', '1 clove garlic, crushed ', '1 1/2 cups freshly grated Parmesan cheese ', '1/4 cup chopped fresh parsley ', '']","Melt butter in a medium saucepan over medium low heat. Add cream and simmer for 5 minutes, then add garlic and cheese and whisk quickly, heating through. Stir in parsley and serve.
"
"['1/2 cup all-purpose flour ', '1/4 teaspoon paprika ', '1/4 teaspoon cayenne pepper ', '1/4 teaspoon salt ', '10 chicken wings ', 'oil for deep frying ', '1/4 cup butter ', '1/4 cup hot sauce ', '1 dash ground black pepper ', '1 dash garlic powder ', '']","In a small bowl mix together the flour, paprika, cayenne pepper and salt. Place chicken wings in a large nonporous glass dish or bowl and sprinkle flour mixture over them until they are evenly coated. Cover dish or bowl and refrigerate for 60 to 90 minutes.
Heat oil in a deep fryer to 375 degrees F (190 degrees ). The oil should be just enough to cover wings entirely, an inch or so deep. Combine the butter, hot sauce, pepper and garlic powder in a small saucepan over low heat. Stir together and heat until butter is melted and mixture is well blended. Remove from heat and reserve for serving.
Fry coated wings in hot oil for 10 to 15 minutes, or until parts of wings begin to turn brown. Remove from heat, place wings in serving bowl, add hot sauce mixture and stir together. Serve.
"
"[""1 cup confectioners' sugar "", '2 teaspoons milk ', '2 teaspoons light corn syrup ', '1/4 teaspoon almond extract ', 'assorted food coloring ', '']","In a small bowl, stir together confectioners' sugar and milk until smooth. Beat in corn syrup and almond extract until icing is smooth and glossy. If icing is too thick, add more corn syrup.
Divide into separate bowls, and add food colorings to each to desired intensity. Dip cookies, or paint them with a brush.
"
"['1 pound extra lean ground beef ', '1/2 teaspoon sea salt ', '1 small onion, diced ', '1/2 teaspoon garlic salt ', '1 1/2 teaspoons Italian seasoning ', '3/4 teaspoon dried oregano ', '3/4 teaspoon crushed red pepper flakes ', ""1 dash hot pepper sauce (such as Frank's RedHot®), or to taste "", '1 1/2 tablespoons Worcestershire sauce ', '1/3 cup skim milk ', '1/4 cup grated Parmesan cheese ', '1/2 cup seasoned bread crumbs ', '']","Preheat an oven to 400 degrees F (200 degrees ).
Place the beef into a mixing bowl, and season with salt, onion, garlic salt, Italian seasoning, oregano, red pepper flakes, hot pepper sauce, and Worcestershire sauce; mix well. Add the milk, Parmesan cheese, and bread crumbs. Mix until evenly blended, then form into 1 1/2-inch meatballs, and place onto a baking sheet.
Bake in the preheated oven until no longer pink in the center, 20 to 25 minutes.
"
"['2 (8 ounce) packages cream cheese, softened ', '1/2 cup white sugar ', '1/2 teaspoon vanilla extract ', '2 eggs ', '1 (9 inch) prepared graham cracker crust ', '1/2 cup pumpkin puree ', '1/2 teaspoon ground cinnamon ', '1 pinch ground cloves ', '1 pinch ground nutmeg ', '1/2 cup frozen whipped topping, thawed ', '']","Preheat oven to 325 degrees F (165 degrees ).
In a large bowl, combine cream cheese, sugar and vanilla. Beat until smooth. Blend in eggs one at a time. Remove 1 cup of batter and spread into bottom of crust; set aside.
Add pumpkin, cinnamon, cloves and nutmeg to the remaining batter and stir gently until well blended. Carefully spread over the batter in the crust.
Bake in preheated oven for 35 to 40 minutes, or until center is almost set. Allow to cool, then refrigerate for 3 hours or overnight. Cover with whipped topping before serving.
"
